{
  "age_linear": {
    "a": 226.58045078012447,
    "b": -11180.216556265164
  },
  "gender_medians": {
    "male": 0.5000415444374084,
    "female": 0.4955739974975586
  },
  "meta": {
    "count": 20
  }
}